epoch,seconds,train_global_water_iou,train_mean_water_iou,train_precision,train_recall,train_f1,train_true_water_fraction,train_predicted_water_fraction,train_valid_pixels,train_valid_images,train_images_with_water_union,train_loss,train_skipped_batches,valid_global_water_iou,valid_mean_water_iou,valid_precision,valid_recall,valid_f1,valid_true_water_fraction,valid_predicted_water_fraction,valid_valid_pixels,valid_valid_images,valid_images_with_water_union,valid_loss,valid_skipped_batches
1,7.728403991088271,0.0,0.0,nan,0.0,0.0,0.0940638395725668,0.0,14487597,249,193,0.6923876933044906,0,0.0,0.0,nan,0.0,0.0,0.11027201089397833,0.0,20291577,86,77,0.6924129357447016,3
2,8.137145413085818,0.05457095891351652,0.01441656886561662,0.9811837637617039,0.05462812787546142,0.10349414319115872,0.09630394066113514,0.005361792744284579,14501120,248,195,0.6382322177482621,0,0.6273342269786958,0.33067008710043916,0.8604997444888897,0.6983575654732563,0.7709961685540195,0.11027201089397833,0.08949368499057515,20291577,86,79,0.517866312052059,3
3,7.589808898046613,0.4373457104529912,0.26715801730943645,0.4786945501879032,0.8350689864352264,0.6085463048623955,0.09210198209751584,0.1606692802511699,14569263,248,212,0.3942380754049845,0,0.6102927272715458,0.37990673589872503,0.6909222723524275,0.8394775099850599,0.757989795191606,0.11027201089397833,0.13398160231705994,20291577,86,80,0.29004000848173805,3
4,7.422254298813641,0.4609641213186712,0.2825765050111503,0.4880044108402186,0.8926942038696591,0.6310409880601359,0.09911600833007418,0.18131042298288594,14484865,247,217,0.2762190952162567,0,0.6201766002690283,0.3986217678483207,0.6954639922694422,0.8513862887486687,0.7655666674435969,0.11027201089397833,0.13499487989523928,20291577,86,80,0.2426335890063339,3
5,7.445776742883027,0.5243174506814571,0.2988347534040095,0.5739292578731853,0.8584674859773183,0.6879373459210313,0.09254216593183781,0.13842200836527935,14350507,247,216,0.2556494594047948,0,0.4701616628378331,0.33211212281748054,0.4802893741544932,0.9570753036857016,0.6396053913285786,0.11027201089397833,0.2197396486236629,20291577,86,82,0.23587934694669935,3
6,7.406951466575265,0.5381813093288617,0.28591004603770126,0.5931715625689921,0.8530552868494923,0.6997631632433248,0.09363033346530253,0.1346521917303939,14397300,247,214,0.25626465741813004,0,0.5662853614258205,0.3830724127501887,0.6041207277149733,0.9004175468907885,0.7230934737337005,0.11027201089397833,0.1643559788379188,20291577,86,82,0.21718446006862405,3
7,7.449820186011493,0.49784867390320037,0.3213715729730544,0.5233247043818955,0.9109268760475029,0.6647516302242615,0.0944749434899149,0.16444812258515232,14437246,247,215,0.23077428353463234,0,0.5935529786769573,0.40281655341541267,0.6370830477214922,0.8967680896391792,0.7449428875213837,0.11027201089397833,0.1552206119810205,20291577,86,82,0.20553885397359026,3
8,7.454378780908883,0.4805513915168,0.30991123016428396,0.5162264373660698,0.8742722477663811,0.649151923087902,0.090561117822411,0.1533727572009068,14361351,248,212,0.24744324260589673,0,0.6545455613485479,0.41286302204376,0.7857261220604308,0.7967686706206177,0.7912088692378545,0.11027201089397833,0.11182176722883588,20291577,86,79,0.27518541027335075,3
9,7.449738144874573,0.5476322759194687,0.3318315971497113,0.5881109303158775,0.8883492785373585,0.7077033536201139,0.09857737293393015,0.14890241553397088,14396113,248,214,0.23309188863406444,0,0.5593493936947729,0.38827328655192367,0.5873081650950759,0.9215675057975244,0.7174138085492595,0.11027201089397833,0.17303199253562204,20291577,86,82,0.20135758081452962,3
10,7.501983935944736,0.4841843678982084,0.3155774344944415,0.5089818784356014,0.9085767571405561,0.652458519804887,0.09484473719816196,0.16930607435419204,14597025,249,218,0.22782004203513126,0,0.6246101031088618,0.4266500531298374,0.6781595657517411,0.8877686871562434,0.7689353918378383,0.11027201089397833,0.14435546335309474,20291577,86,82,0.20415191503199215,3
11,7.8204823629930615,0.5750890360207472,0.3278862321448115,0.6176820827170271,0.8929325918397643,0.730230511252409,0.09691662133723931,0.14010445228125532,14457128,247,217,0.20533222548382513,0,0.53633128348479,0.37582329415735777,0.5547020854845193,0.9418415234584663,0.6981974385996415,0.11027201089397833,0.1872334023126936,20291577,86,82,0.19335707668254068,3
12,7.511566247791052,0.5102935090277905,0.3330711746833615,0.5345483015561574,0.9183426433258213,0.6757540914762691,0.09682408613976139,0.16634172617206264,14504707,248,212,0.2179700798849816,0,0.5002068284200093,0.35942767909113543,0.5095489766896377,0.9646428103770436,0.6668504888046911,0.11027201089397833,0.2087593290555978,20291577,86,83,0.19714079377996474,3
13,7.513400997966528,0.5160837561555358,0.3534910697769903,0.5466175913756209,0.9023336987895196,0.6808116689597861,0.09548227202216567,0.15761818324537438,14510369,247,213,0.21398660436383027,0,0.4744945151983901,0.3465411432319095,0.4812851706630573,0.9711229879607238,0.643602957227071,0.11027201089397833,0.22250360334241148,20291577,86,83,0.19397855709116837,3
14,7.4611571645364165,0.5287503451452408,0.33895052494928746,0.5529678103817179,0.9235075419587848,0.6917419143346211,0.09791412610099653,0.16352567404629414,14421821,246,217,0.19854834920472358,0,0.618966104122738,0.41504299602268985,0.6657813121272366,0.8979863630249112,0.764643685308204,0.11027201089397833,0.14873166338919838,20291577,86,82,0.19195823162312128,3
15,7.4981500050053,0.49611029018545444,0.31486817974572956,0.5267935390017473,0.8949315152614359,0.6632001576888529,0.09706118607405703,0.1648902423726194,14428610,246,220,0.24026541401650858,0,0.5432925741842961,0.40958520964374695,0.5587076305817279,0.9516703886721133,0.7040694464190657,0.11027201089397833,0.18783099016897503,20291577,86,82,0.1897625950943265,3
16,7.5981269823387265,0.5016806328910186,0.3509100944652583,0.5272739264090065,0.9117826755722562,0.6681588906493237,0.09356388783278591,0.16179433063592275,14431989,249,216,0.21942757432611018,0,0.6830273959867462,0.45662085806327696,0.7763016663368942,0.8504044301175415,0.8116652142626501,0.11027201089397833,0.12079815186370187,20291577,86,82,0.22545315535874474,3
17,7.903127117082477,0.5217310562924317,0.34530100457474866,0.5465655847469826,0.9198872658744346,0.6857073122547489,0.09370237553923083,0.15770407878978407,14536910,247,222,0.2106710276790075,0,0.6376239308857486,0.45785801019253436,0.6877416018370901,0.8974339837495022,0.7787183844350324,0.11027201089397833,0.1438939418064944,20291577,86,82,0.19206980494300735,3
18,7.625418403185904,0.5107147635144175,0.35661243222101835,0.5387611340527246,0.9074986667680953,0.6761233501502661,0.0876848520103465,0.1476978966477561,14392121,247,217,0.19897321705446136,0,0.6632160385001035,0.46156558699868533,0.7247505305063047,0.8865097450698138,0.7975103932958644,0.11027201089397833,0.13488394716684662,20291577,86,82,0.1896578071829414,3
19,8.02041369304061,0.5094011310761931,0.346487744112502,0.5346804121903476,0.9150693318467309,0.6749711797459611,0.0927166346189231,0.1586782439705523,14374907,249,213,0.19842343305818988,0,0.5801589949653252,0.4105511202676147,0.6029985416379587,0.9387145025927414,0.7343045817716034,0.11027201089397833,0.17166531709191454,20291577,86,83,0.16893775204314418,3
20,8.037833532318473,0.5487925767860276,0.36128392988001323,0.5817781700534885,0.9063603955903464,0.7086714967666656,0.09103124386218359,0.14181885544179892,14332255,246,217,0.18856048268745204,0,0.5738892827410376,0.4181286345944017,0.5931651304965023,0.9464093782917626,0.7292625841400603,0.11027201089397833,0.1759416727443116,20291577,86,82,0.16544506002653722,3
21,8.139584043063223,0.5290068210060596,0.35212232626788575,0.5517067881457924,0.927835036348935,0.6919613617655183,0.09436896526419722,0.15870537429925508,14376665,245,217,0.19127329905008614,0,0.6913841029924672,0.480650675935332,0.7736614268565568,0.8666871052957352,0.8175364800570629,0.11027201089397833,0.12353120706192525,20291577,86,82,0.20996814067234967,3
22,8.183168251998723,0.5532849031049893,0.34559438865925585,0.5913149045323802,0.8958640239013654,0.7124062069990927,0.08905926243277958,0.13492808755059651,14382906,248,218,0.19561112250535956,0,0.6207069156049069,0.4388239115713065,0.6572788526446077,0.9177325813943823,0.7659705892884852,0.11027201089397833,0.15396846681753715,20291577,86,82,0.16979035900227443,3
23,7.338979977183044,0.5579960199847573,0.3511515178379594,0.5891263479457872,0.9134933419324895,0.7162996732048347,0.09182349045379869,0.14238057329302384,14454493,248,220,0.18438938997765356,0,0.611698932721185,0.45347807793534295,0.642607159739522,0.9271015774539874,0.7590734476548859,0.11027201089397833,0.15909152847016278,20291577,86,82,0.171552676638169,3
24,7.560854302719235,0.5193022668243237,0.35374118719903336,0.5427190048462373,0.9232871789527399,0.6836062555343642,0.09554085236741106,0.16253649359863345,14562828,246,219,0.19068254202142834,0,0.6110377626120544,0.4508418314428216,0.6382917814950116,0.9346856197708877,0.7585641712350044,0.11027201089397833,0.16147734599435026,20291577,86,82,0.16669610006782504,3
25,7.684516974724829,0.5543718171052294,0.354178448933975,0.5814684936511408,0.9224582801739029,0.7133065731179543,0.09086126149098148,0.1441449088378094,14431970,245,212,0.17462514522925274,0,0.6501138329930046,0.4568320979263376,0.6970111539906565,0.9062117194681965,0.7879624059799766,0.11027201089397833,0.1433689949282897,20291577,86,82,0.17611410006431777,3
26,7.427889958024025,0.5430635714473054,0.34173862138559286,0.5754115696322627,0.9061922944328548,0.7038771201603091,0.08987871495028653,0.14154633521451182,14490739,245,221,0.18809413745272183,0,0.6679093597978597,0.46847116106535813,0.7248629798240551,0.8947440396890766,0.800894072419866,0.11027201089397833,0.1361156897761076,20291577,86,82,0.17611027014848044,3
27,7.4283440271392465,0.5575109108191525,0.35406222588011355,0.5933054292771536,0.902352514694081,0.7158998462822157,0.09466356416063107,0.14397290325544504,14453692,248,217,0.19013892699305718,0,0.5865417484857703,0.4207970860480501,0.606127528176272,0.9477858573922961,0.7393965510779384,0.11027201089397833,0.1724294765261468,20291577,86,83,0.1582620297441428,3
28,7.370533792302012,0.5341110040180022,0.3693894312997428,0.5559213688151028,0.9315719096061102,0.6963133731771793,0.0945154618418953,0.15838201985835562,14582577,246,215,0.1870877568500783,0,0.5794282861540709,0.4161806650837845,0.5963269874565879,0.953373558104624,0.7337190187532814,0.11027201089397833,0.17629659833732983,20291577,86,83,0.15807921144132733,3
29,7.421168255619705,0.5538330371684942,0.35054916203407993,0.587904701803331,0.9052703650462083,0.7128604218349334,0.09106808210381544,0.14022891070151322,14498230,249,219,0.19132309505653852,0,0.48593293747229127,0.35338747837306245,0.4906323637951531,0.980669853722281,0.6540442374188272,0.11027201089397833,0.22041032099180857,20291577,86,83,0.18043621635593982,3
30,7.410532462410629,0.5316077401022405,0.3666555660692228,0.5540497217410403,0.9292004378558135,0.6941826241577412,0.09355545495246503,0.15690246975029035,14393196,247,224,0.1899473734502138,0,0.5463633155915202,0.39863888568071104,0.5568317663569782,0.966735237373374,0.7066428827982426,0.11027201089397833,0.1914471211379973,20291577,86,83,0.16446376354133482,3
31,7.401687555015087,0.5487723055936847,0.368028468873515,0.5727397936018169,0.9291471274131777,0.7086545951418288,0.09597809884824643,0.15570382193737498,14399608,246,216,0.18186124299676118,0,0.5853427126291626,0.42449307383525564,0.6021321372540451,0.9545301580761113,0.7384431239582502,0.11027201089397833,0.17480873960658652,20291577,86,82,0.15462742161480741,3
32,7.376948215998709,0.5419869753146402,0.3518473118339695,0.5617843976419921,0.9389490863094101,0.7029721832819613,0.08857905877729995,0.1480483022565105,14485286,247,220,0.16884160849274402,0,0.593785219280472,0.4267818158467086,0.6099065821810322,0.9573818831217294,0.7451257698933128,0.11027201089397833,0.17309605852714158,20291577,86,83,0.15172383792997318,3
33,7.371265302412212,0.5507259972411033,0.344759046780824,0.5792564832886815,0.9179078251805525,0.7102815045609604,0.09328613485073038,0.1478241083711092,14397638,246,219,0.18260040726761317,0,0.6161110652766538,0.45481930361213485,0.6407944418766486,0.9411577529961883,0.7624612918186844,0.11027201089397833,0.1619604528519395,20291577,86,82,0.1577166876602234,3
34,7.410990794189274,0.5103275189562951,0.34752039266057383,0.5353633275076288,0.9160566411274198,0.6757839111730608,0.09074244469396654,0.1552687956439473,14522873,248,217,0.19230355243988784,0,0.595153960257767,0.43612559810190843,0.6118825955512843,0.9560804846994069,0.7462025297690936,0.11027201089397833,0.17230252729987422,20291577,86,83,0.15544002031462126,3
35,7.578836917877197,0.5275974381646987,0.361655497366289,0.5494522194497398,0.9298951841235933,0.690754546955211,0.09443818718302617,0.1598275743554285,14533337,247,220,0.18761405814486215,0,0.6830783712693698,0.494331272203206,0.741202954376006,0.8970196992929456,0.8117012052792233,0.11027201089397833,0.13345355070234313,20291577,86,82,0.17973449191850832,3
36,7.876230983063579,0.6011612101754117,0.37746667735699585,0.6375696923776978,0.9132492415579522,0.750906537524167,0.09068061526887436,0.12989011885033072,14398193,248,221,0.17431892752587647,0,0.46183976765041973,0.3439716259243228,0.4657709187139467,0.9820530364547976,0.6318609985453109,0.11027201089397833,0.23250262904652508,20291577,86,83,0.1808512036684127,3
37,7.574477501213551,0.5335564420894727,0.36219406000652893,0.5537338391938476,0.9360717456414307,0.6958419363587314,0.09008883743082312,0.15229268891973222,14391006,247,220,0.1886833262361079,0,0.5762446789338355,0.41433801872178216,0.5876506229335878,0.9674149856564621,0.7311614581609306,0.11027201089397833,0.18153438739630734,20291577,86,83,0.15081403487158437,3
38,7.847702438943088,0.5390650807617506,0.3450092777012026,0.5582707723600804,0.9400103283998954,0.7005097932505151,0.09319043583630113,0.15691305461663949,14399879,247,220,0.17310382171297128,0,0.5790873552889647,0.40463346621907026,0.5926710376212139,0.9619282863326798,0.7334456239540905,0.11027201089397833,0.17897578882114484,20291577,86,83,0.15750737174963877,3
39,7.577185748144984,0.5546527223009038,0.36118495207468926,0.5779084540620799,0.9323556656968529,0.7135390616111505,0.09751059418371895,0.15731653398323667,14624534,246,220,0.1696988578539825,0,0.5926030011610814,0.44344119991684783,0.60748997617805,0.960289471767207,0.7441942539717009,0.11027201089397833,0.17431242529843788,20291577,86,83,0.14988674741999797,3
40,7.605740173719823,0.5561499916144756,0.35733258584319394,0.57377772859079,0.947650888615168,0.7147768462055264,0.1016078868366999,0.16781551366170205,14430120,249,217,0.1708929725987651,0,0.693743220821458,0.4954855266864212,0.758525075430932,0.8903866789000502,0.8191834657026649,0.11027201089397833,0.12944163975032597,20291577,86,82,0.18569921398859907,3
41,7.520626777783036,0.5463291308979976,0.376155800843656,0.5729492645971201,0.9216222721382409,0.7066142905562784,0.10018330203449367,0.16115067800334132,14473380,246,219,0.1970249821242761,0,0.6480918909162856,0.485325044930677,0.6792135733447215,0.9339683311486942,0.7864754319687448,0.11027201089397833,0.15163207866988357,20291577,86,82,0.1565582075296694,3
42,7.5165942795574665,0.5433263727858781,0.38102369122818847,0.5626849754264174,0.9404497620151931,0.7040978270916382,0.09184818240015948,0.15351147631816203,14506961,247,215,0.17085042662080963,0,0.5904419112683511,0.429571363911717,0.6027025189554154,0.9666941217638775,0.7424878671582333,0.11027201089397833,0.17686885548619508,20291577,86,83,0.14826583405231522,3
43,7.5101762637495995,0.5750934107310104,0.37133779284439855,0.5962462816809181,0.9418957270549126,0.7302340379471286,0.09376783038109372,0.14812590281011814,14474943,248,216,0.15851030833096005,0,0.5535999788787564,0.40092915046860733,0.5617098572517399,0.9745829558816103,0.712667335742748,0.11027201089397833,0.1913251493464505,20291577,86,83,0.15074086431095712,3
44,7.542803159914911,0.5304386461954448,0.35903824277148144,0.5504598718835416,0.9358307242062432,0.6931851172395251,0.0904031316431986,0.15369336163720537,14506378,248,216,0.16888097893764015,0,0.654243899573998,0.4851305743485265,0.6849301851568398,0.935909702971005,0.7909884385760519,0.11027201089397833,0.1506790724052645,20291577,86,83,0.15384734490737204,3
45,7.3541450360789895,0.5589390998983458,0.3725883455320787,0.5816088810060581,0.9348108174201433,0.7170762474746996,0.10149512859107056,0.1631315257054903,14343181,247,219,0.17615132714108545,0,0.5419381988996366,0.40644759542912273,0.5494127306464393,0.9755111854568727,0.702931154162179,0.11027201089397833,0.19579375225493809,20291577,86,83,0.1524997285257173,3
46,7.361933111213148,0.5579129271618125,0.3509133931088093,0.5796549699199451,0.937004974804828,0.7162312057814576,0.09288806531198271,0.15015239032513428,14414629,248,217,0.17197842251773987,0,0.6185721789410196,0.44448100945276203,0.635639602522397,0.9583981537303701,0.7643430265133209,0.11027201089397833,0.1662648004144774,20291577,86,83,0.1467107242162475,3
47,7.41962547134608,0.5698790055981157,0.367846936323834,0.5907388600013468,0.9416523120649968,0.7260164682322059,0.09361036550678146,0.1492172313033702,14530346,249,221,0.16804206757943785,0,0.6703816203072083,0.4944090729685287,0.7070202455499685,0.9282456639791061,0.8026688179003251,0.11027201089397833,0.14477593338359063,20291577,86,82,0.15528322455741914,3
48,7.42974141612649,0.5662183054247532,0.3647253616377967,0.590259031004814,0.9328951571782255,0.7230388043143151,0.09087569541174796,0.14362761381304764,14329640,246,214,0.1680906787166101,0,0.6230964965497977,0.4416050385630203,0.6410330863511617,0.957023909173831,0.767787371698859,0.11027201089397833,0.1646294913401753,20291577,86,83,0.1469093038866288,3
49,7.477532519027591,0.5586753136343106,0.3625018725771563,0.5816456733065523,0.9339783148671801,0.7168591287067557,0.09282007907510072,0.14904596564360684,14538837,246,214,0.17035290889122046,0,0.6331344315334828,0.4678068725964666,0.6524377700689582,0.9553560455364314,0.7753610717018333,0.11027201089397833,0.16146985520149568,20291577,86,83,0.14839401365750898,3
50,7.60470550134778,0.5929379048326155,0.3928569461355527,0.6165563817865194,0.9393150291199381,0.7444582780455851,0.10384855940541558,0.15821182860732552,14540038,247,219,0.16079224723079644,0,0.6401242672707771,0.46788001555556946,0.6613993516179594,0.9521534970836967,0.7805802036402593,0.11027201089397833,0.15874808547408611,20291577,86,83,0.14483069970143744,3
