date,sensor,sensor_id,overpass_utc,event_start_utc,before_utc,after_utc,depth_before_cm,depth_after_cm,depth_interpolated_cm,seconds_before,seconds_after,bracket_gap_seconds,flood_observation_supported,point_usable,context_valid_fraction,center_usable_fraction,point_scl,rgb_probability,rgb_prediction,rgb_nir_probability,rgb_nir_prediction
2024-09-21,Q - Beach 84 St,Q-beach-84-st-0me680,2024-09-21T16:01:43.693000+00:00,2024-09-21T13:26:00+00:00,2024-09-21T16:00:31+00:00,2024-09-21T16:03:39+00:00,50.3936,49.504599999999996,50.04985490957447,72.6929999999993,115.3070000000007,188.0,True,True,0.7493133544921875,1.0,5,0.09463585913181305,0,0.8207569718360901,1
2024-09-21,Q - Davenport Ct 1,Q-davenport-ct-1-07zks0,2024-09-21T16:01:43.693000+00:00,2024-09-21T13:59:02+00:00,2024-09-21T16:00:56+00:00,2024-09-21T16:01:59+00:00,44.9072,45.212,45.137943276190484,47.69300000000021,15.306999999999789,63.0,True,True,1.0,1.0,5,0.22936254739761353,0,0.8755743503570557,1
2024-09-21,Q - Russell St 1,Q-russell-st-1-07zqc0,2024-09-21T16:01:43.693000+00:00,2024-09-21T14:16:35+00:00,2024-09-21T16:01:15+00:00,2024-09-21T16:02:18+00:00,26.390600000000003,26.288999999999998,26.344326844444446,28.69300000000021,34.30699999999979,63.0,True,True,1.0,1.0,5,0.0990772619843483,0,0.8401278853416443,1
2024-09-21,Q - 102nd St/160th Ave,Q-102nd-st-160th-ave-1a5ng0,2024-09-21T16:01:43.693000+00:00,2024-09-21T14:30:31+00:00,2024-09-21T16:01:01+00:00,2024-09-21T16:02:05+00:00,18.3896,18.288,18.3218248625,42.69300000000021,21.30699999999979,64.0,True,True,1.0,1.0,5,0.0361519381403923,0,0.7444706559181213,1
2024-09-21,Q - 1st St/104th St,Q-1st-st-104th-st-1a5t00,2024-09-21T16:01:43.693000+00:00,2024-09-21T14:46:55+00:00,2024-09-21T16:01:35+00:00,2024-09-21T16:02:39+00:00,25.5016,25.095200000000002,25.446399449999998,8.693000000000211,55.30699999999979,64.0,True,True,1.0,1.0,5,0.230919748544693,0,0.934035062789917,1
2024-09-21,Q - 161st Ave/99th St,Q-161st-ave-99th-st-1a5q80,2024-09-21T16:01:43.693000+00:00,2024-09-21T14:56:15+00:00,2024-09-21T16:00:27+00:00,2024-09-21T16:02:33+00:00,15.7988,14.7066,15.134005598412696,76.69300000000021,49.30699999999979,126.0,True,True,1.0,1.0,5,0.11731908470392227,0,0.45898520946502686,0
2024-09-21,SI - Ridgewood Ave/Arthur Kill Rd,SI-ridgewood-ave-arthur-kill-rd-20e7zc,2024-09-21T16:01:43.693000+00:00,2024-09-21T15:05:40+00:00,2024-09-21T16:01:07+00:00,2024-09-21T16:02:09+00:00,9.7028,9.398000000000001,9.522412477419355,36.69300000000021,25.30699999999979,62.0,True,True,0.51171875,0.546875,5,0.2135411649942398,0,0.6288633942604065,1
2024-09-21,Q - Church Rd/E 7th Rd,Q-church-rd-e-7th-rd-1zdtxo,2024-09-21T16:01:43.693000+00:00,2024-09-21T15:32:12+00:00,2024-09-21T16:01:04+00:00,2024-09-21T16:02:08+00:00,8.712200000000001,8.712200000000001,8.712200000000001,39.692999999999984,24.307000000000016,64.0,True,True,0.9623260498046875,1.0,5,0.2482607215642929,0,0.8269913792610168,1
2024-10-18,Q - Russell St 1,Q-russell-st-1-07zqc0,2024-10-18T15:51:51.639000+00:00,2024-10-18T12:18:01+00:00,2024-10-18T15:51:47+00:00,2024-10-18T15:52:49+00:00,1.8034,1.6002,1.7881960516129056,4.638999999999214,57.361000000000786,62.0,True,True,1.0,1.0,5,0.05775843933224678,0,0.5155284404754639,1
2024-10-18,Q - Brookville Blvd/ Snake Rd 1,Q-brookville-blvd-rockaway-blvd-1-23ndo0,2024-10-18T15:51:51.639000+00:00,2024-10-18T12:41:37+00:00,2024-10-18T15:51:19+00:00,2024-10-18T15:52:23+00:00,5.588000000000001,5.588000000000001,5.588000000000001,32.638999999999214,31.361000000000786,64.0,True,True,1.0,1.0,5,0.873214840888977,1,0.13945496082305908,0
2024-10-18,Q - Davenport Ct 1,Q-davenport-ct-1-07zks0,2024-10-18T15:51:51.639000+00:00,2024-10-18T12:42:49+00:00,2024-10-18T15:50:52+00:00,2024-10-18T15:51:55+00:00,25.2984,25.1968,25.20222027936508,59.638999999999214,3.361000000000786,63.0,True,True,1.0,1.0,5,0.0534033328294754,0,0.15908671915531158,0
2024-10-18,Q - 1st St/104th St,Q-1st-st-104th-st-1a5t00,2024-10-18T15:51:51.639000+00:00,2024-10-18T12:49:18+00:00,2024-10-18T15:51:34+00:00,2024-10-18T15:53:40+00:00,6.4008,5.7912,6.315460838095242,17.638999999999214,108.36100000000079,126.0,True,True,1.0,1.0,5,0.21329523622989655,0,0.6016740202903748,1
2024-10-18,BX - Ditmars St/Hunter Ave 2,BX-ditmars-st-hunter-ave-1kwrk0,2024-10-18T15:51:51.639000+00:00,2024-10-18T14:33:19+00:00,2024-10-18T15:51:15+00:00,2024-10-18T15:52:18+00:00,13.7922,13.9954,13.910375314285714,36.639000000000124,26.360999999999876,63.0,True,True,1.0,1.0,4,0.10739066451787949,0,0.036804068833589554,0
